<?xml version="1.0" ?><job><property name="user.input.dir"><string>C:\Users\catarina\Desktop\GFDITAbase</string></property><property name="plugin.com.oxygenxml.webhelp.common.dir"><string>plugins/com.oxygenxml.webhelp.common</string></property><property name="transtypes"><string>pdf;pdf2;docx;metrics-report;metrics-report-xml;webhelp-responsive;exportmap;html5;merged;pdf-css-html5;pdf-css-html5-single-topic;pdf-css-html5-preprocess2;pdf-css-html5-single-topic-preprocess2;webhelpCommons;webhelp-responsive-preprocess2;xhtml;zendesk-xhtml;eclipsehelp;htmlhelp;javahelp;dita;troff;indesign;epub;html2;json;kindle;word2dita;markdown;markdown_github;markdown_gitbook</string></property><property name="plugin.org.dita4publishers.common.html.dir"><string>plugins/org.dita4publishers.common.html</string></property><property name="parser.md"><string>com.elovirta.dita.markdown.MarkdownReader</string></property><property name="plugin.org.dita.specialization.dita11.dir"><string>plugins/org.dita.specialization.dita11</string></property><property name="plugin.com.oxygenxml.image.float.dir"><string>plugins/com.oxygenxml.image.float</string></property><property name="parser.hdita"><string>com.elovirta.dita.html.HDitaReader</string></property><property name="cli.color"><string>true</string></property><property name="plugin.org.dita.xhtml.dir"><string>plugins/org.dita.xhtml</string></property><property name="plugin.org.dita-community.dita13.html.dir"><string>plugins/org.dita-community.dita13.html</string></property><property name="plugin.com.oxygenxml.common.dir"><string>plugins/com.oxygenxml.common</string></property><property name="plugin.org.dita-community.preprocess-extensions.dir"><string>plugins/org.dita-community.preprocess-extensions</string></property><property name="supported_html_extensions"><string>.html;.htm</string></property><property name="otrelease"><string>3.7</string></property><property name="supported_image_extensions"><string>.gif;.svg;.bmp;.jpg;.tif;.mml;.mathml;.eps;.jpeg;.png;.tiff</string></property><property name="InputMapDir"><string>C:\Users\catarina\Desktop\GFDITAbase\gilberto_filipe_dita_showcase.ditamap</string></property><property name="parser.openapi-to-dita"><string>com.oxygenxml.dynamic.resources.converter.OpenAPIConverterReader</string></property><property name="plugin.org.dita.troff.dir"><string>plugins/org.dita.troff</string></property><property name="user.input.dir.uri"><string>file:/C:/Users/catarina/Desktop/GFDITAbase/</string></property><property name="plugin.org.dita.html5.dir"><string>plugins/org.dita.html5</string></property><property name="parser.ms-word-to-dita"><string>com.oxygenxml.dynamic.resources.converter.WordConverterReader</string></property><property name="plugin.org.dita-community.adjust-copy-to.dir"><string>plugins/org.dita-community.adjust-copy-to</string></property><property name="plugin.org.dita.eclipsehelp.dir"><string>plugins/org.dita.eclipsehelp</string></property><property name="outputdir"><string>C:\Users\catarina\Desktop\GFDITAbase\out\pdf-css-html5</string></property><property name="plugin.org.dita.htmlhelp.dir"><string>plugins/org.dita.htmlhelp</string></property><property name="temp-file-name-scheme"><string>org.dita.dost.module.reader.DefaultTempFileScheme</string></property><property name="plugin.org.dita4publishers.html2.dir"><string>plugins/org.dita4publishers.html2</string></property><property name="plugin.com.oxygenxml.editlink.dir"><string>plugins/com.oxygenxml.editlink</string></property><property name="user.input.file.listfile"><string>usr.input.file.list</string></property><property name="outercontrol"><string>WARN</string></property><property name="relflagimagefile"><string>relflagimage.list</string></property><property name="plugin.com.oxygenxml.highlight.dir"><string>plugins/com.oxygenxml.highlight</string></property><property name="plugin.org.dita.normalize.dir"><string>plugins/org.dita.normalize</string></property><property name="plugin.com.oxygenxml.specialization.qa.dir"><string>plugins/com.oxygenxml.specialization.qa</string></property><property name="plugin.org.oasis-open.dita.techcomm.v2_0.dir"><string>plugins/org.oasis-open.dita.techcomm.v2_0</string></property><property name="plugin.com.oxygenxml.export.map.dir"><string>plugins/com.oxygenxml.export.map</string></property><property name="plugin.org.dita4publishers.word2dita.dir"><string>plugins/org.dita4publishers.word2dita</string></property><property name="parser.markdown-to-dita"><string>com.oxygenxml.dynamic.resources.converter.MarkdownConverterReader</string></property><property name="plugin.org.dita.pdf2.fop.dir"><string>plugins/org.dita.pdf2.fop</string></property><property name="plugin.org.lwdita.dir"><string>plugins/org.lwdita</string></property><property name="plugin.com.oxygenxml.media.dir"><string>plugins/com.oxygenxml.media</string></property><property name="tempdirToinputmapdir.relative.value"><string></string></property><property name="parser.word-to-dita"><string>com.oxygenxml.dynamic.resources.converter.WordConverterReader</string></property><property name="plugin.com.oxygenxml.webhelp.responsive.dir"><string>plugins/com.oxygenxml.webhelp.responsive</string></property><property name="plugin.org.oasis-open.dita.v1_3.dir"><string>plugins/org.oasis-open.dita.v1_3</string></property><property name="plugin.com.oxygenxml.merged.dir"><string>plugins/com.oxygenxml.merged</string></property><property name="parser.ms-excel-to-dita"><string>com.oxygenxml.dynamic.resources.converter.ExcelConverterReader</string></property><property name="uplevels"><string></string></property><property name="crawl"><string>topic</string></property><property name="plugin.com.oxygenxml.pdf.custom.dir"><string>plugins/com.oxygenxml.pdf.custom</string></property><property name="user.input.file"><string>gilberto_filipe_dita_showcase.ditamap</string></property><property name="plugin.org.dita-community.common.mapdriven.dir"><string>plugins/org.dita-community.common.mapdriven</string></property><property name="plugin.org.dita.pdf2.dir"><string>plugins/org.dita.pdf2</string></property><property name="print_transtypes"><string>pdf-css-html5;pdf;pdf2;pdf-css-html5-single-topic-preprocess2;pdf-css-html5-preprocess2;pdf-css-html5-single-topic;docx</string></property><property name="onlytopicinmap"><string>false</string></property><property name="supported_resource_extensions"><string>.pdf;.swf</string></property><property name="plugin.org.dita.index.dir"><string>plugins/org.dita.index</string></property><property name="plugin.com.oxygenxml.pdf.review.dir"><string>plugins/com.oxygenxml.pdf.review</string></property><property name="plugin.org.dita.javahelp.dir"><string>plugins/org.dita.javahelp</string></property><property name="plugin.com.elovirta.ooxml.dir"><string>plugins/com.elovirta.ooxml</string></property><property name="relflagimagelist"><string></string></property><property name="plugin.order"><string>org.dita.base org.oasis-open.dita.v1_3 org.oasis-open.dita.v1_2</string></property><property name="plugin.com.oxygenxml.pdf.css.dir"><string>plugins/com.oxygenxml.pdf.css</string></property><property name="plugin.com.oxygenxml.dita.metrics.report.dir"><string>plugins/com.oxygenxml.dita.metrics.report</string></property><property name="org.dita.pdf2.i18n.enabled"><string>true</string></property><property name="generatecopyouter"><string>NOT_GENERATEOUTTER</string></property><property name="default.cascade"><string>merge</string></property><property name="plugin.org.oasis-open.xdita.v0_2_2.dir"><string>plugins/org.oasis-open.xdita.v0_2_2</string></property><property name="plugin.com.oxygenxml.gsd.dir"><string>plugins/com.oxygenxml.gsd</string></property><property name="plugin.com.oxygenxml.zendesk.dir"><string>plugins/com.oxygenxml.zendesk</string></property><property name="plugin.org.dita.base.dir"><string>plugins/org.dita.base</string></property><property name="plugindirs"><string>plugins;demo</string></property><property name="parser.mdita"><string>com.elovirta.dita.markdown.MDitaReader</string></property><property name="plugin.org.dita4publishers.json.dir"><string>plugins/org.dita4publishers.json</string></property><property name="plugin.org.dita4publishers.common.mapdriven.dir"><string>plugins/org.dita4publishers.common.mapdriven</string></property><property name="plugin.ignores"><string></string></property><property name="parser.html-to-dita"><string>com.oxygenxml.dynamic.resources.converter.HtmlConverterReader</string></property><property name="plugin.org.dita-community.common.xslt.dir"><string>plugins/org.dita-community.common.xslt</string></property><property name="user.input.file.uri"><string>gilberto_filipe_dita_showcase.ditamap</string></property><property name="plugin.org.dita4publishers.dita2indesign.dir"><string>plugins/org.dita4publishers.dita2indesign</string></property><property name="plugin.org.dita-community.dita13.pdf.dir"><string>plugins/org.dita-community.dita13.pdf</string></property><property name="plugin.org.dita4publishers.epub.dir"><string>plugins/org.dita4publishers.epub</string></property><property name="plugin.com.oxygenxml.dost.patches.dir"><string>plugins/com.oxygenxml.dost.patches</string></property><property name="plugin.com.oxygenxml.dita-ot.plugin.mathml.dir"><string>plugins/mathml</string></property><property name="registry"><string>https://plugins.dita-ot.org/</string></property><property name="plugin.org.dita.pdf2.axf.dir"><string>plugins/org.dita.pdf2.axf</string></property><property name="plugin.org.oasis-open.dita.v1_2.dir"><string>plugins/org.oasis-open.dita.v1_2</string></property><property name="plugin.com.oxygenxml.dynamic.resources.converter.dir"><string>plugins/com.oxygenxml.dynamic.resources.converter</string></property><property name="InputMapDir.uri"><string>file:/C:/Users/catarina/Desktop/GFDITAbase/gilberto_filipe_dita_showcase.ditamap</string></property><property name="parser.excel-to-dita"><string>com.oxygenxml.dynamic.resources.converter.ExcelConverterReader</string></property><property name="plugin.com.oxygenxml.html.embed.dir"><string>plugins/com.oxygenxml.html.embed</string></property><property name="plugin.org.dita4publishers.common.xslt.dir"><string>plugins/org.dita4publishers.common.xslt</string></property><property name="plugin.org.dita.pdf2.xep.dir"><string>plugins/org.dita.pdf2.xep</string></property><property name="plugin.org.dita4publishers.kindle.dir"><string>plugins/org.dita4publishers.kindle</string></property><property name="plugin.org.oasis-open.dita.v2_0.dir"><string>plugins/org.oasis-open.dita.v2_0</string></property><property name="otversion"><string>3.7.4</string></property><property name="plugin.org.dita.html5.dublin-core.dir"><string>plugins/org.dita.html5.dublin-core</string></property><property name="parser.markdown"><string>com.elovirta.dita.markdown.MarkdownReader</string></property><files><file src="file:/C:/Users/catarina/Desktop/GFDITAbase/gilberto_filipe_dita_showcase.ditamap" uri="gilberto_filipe_dita_showcase.ditamap" path="gilberto_filipe_dita_showcase.ditamap" result="file:/C:/Users/catarina/Desktop/GFDITAbase/gilberto_filipe_dita_showcase.ditamap" format="ditamap" input="true"></file><file src="file:/C:/Users/catarina/Desktop/GFDITAbase/available_outputs.dita" uri="available_outputs.dita" path="available_outputs.dita" result="file:/C:/Users/catarina/Desktop/GFDITAbase/available_outputs.dita" format="dita" target="true"></file><file src="file:/C:/Users/catarina/Desktop/GFDITAbase/contact_problems.dita" uri="contact_problems.dita" path="contact_problems.dita" result="file:/C:/Users/catarina/Desktop/GFDITAbase/contact_problems.dita" format="dita" target="true"></file><file src="file:/C:/Users/catarina/Desktop/GFDITAbase/CV_resume_EN.pdf" uri="CV_resume_EN.pdf" path="CV_resume_EN.pdf" result="file:/C:/Users/catarina/Desktop/GFDITAbase/CV_resume_EN.pdf" format="pdf"></file><file src="file:/C:/Users/catarina/Desktop/GFDITAbase/purpose_of_this_work.dita" uri="purpose_of_this_work.dita" path="purpose_of_this_work.dita" result="file:/C:/Users/catarina/Desktop/GFDITAbase/purpose_of_this_work.dita" format="dita" target="true"></file><file src="file:/C:/Users/catarina/Desktop/GFDITAbase/reusablemap.ditamap" uri="reusablemap.ditamap" path="reusablemap.ditamap" result="file:/C:/Users/catarina/Desktop/GFDITAbase/reusablemap.ditamap" format="ditamap"></file><file src="file:/C:/Users/catarina/Desktop/GFDITAbase/html.dita" uri="html.dita" path="html.dita" result="file:/C:/Users/catarina/Desktop/GFDITAbase/html.dita" format="dita" target="true"></file><file src="file:/C:/Users/catarina/Desktop/GFDITAbase/code.dita" uri="code.dita" path="code.dita" result="file:/C:/Users/catarina/Desktop/GFDITAbase/code.dita" format="dita" target="true"></file><file src="file:/C:/Users/catarina/Desktop/GFDITAbase/skills.dita" uri="skills.dita" path="skills.dita" result="file:/C:/Users/catarina/Desktop/GFDITAbase/skills.dita" format="dita" target="true"></file><file src="file:/C:/Users/catarina/Desktop/GFDITAbase/quick_consultation.dita" uri="quick_consultation.dita" path="quick_consultation.dita" result="file:/C:/Users/catarina/Desktop/GFDITAbase/quick_consultation.dita" format="dita" has-link="true" target="true"></file><file src="file:/C:/Users/catarina/Desktop/GFDITAbase/walkway400.jpg" uri="walkway400.jpg" path="walkway400.jpg" result="file:/C:/Users/catarina/Desktop/GFDITAbase/walkway400.jpg" format="image"></file><file src="file:/C:/Users/catarina/Desktop/GFDITAbase/curriculum.dita" uri="curriculum.dita" path="curriculum.dita" result="file:/C:/Users/catarina/Desktop/GFDITAbase/curriculum.dita" format="dita" has-link="true" target="true"></file><file src="file:/C:/Users/catarina/Desktop/GFDITAbase/work_experiences.dita" uri="work_experiences.dita" path="work_experiences.dita" result="file:/C:/Users/catarina/Desktop/GFDITAbase/work_experiences.dita" format="dita" has-link="true" target="true"></file><file src="file:/C:/Users/catarina/Desktop/GFDITAbase/pdf.dita" uri="pdf.dita" path="pdf.dita" result="file:/C:/Users/catarina/Desktop/GFDITAbase/pdf.dita" format="dita" has-link="true" target="true"></file><file src="file:/C:/Users/catarina/Desktop/GFDITAbase/start_a_phone_call.dita" uri="start_a_phone_call.dita" path="start_a_phone_call.dita" result="file:/C:/Users/catarina/Desktop/GFDITAbase/start_a_phone_call.dita" format="dita" has-link="true" target="true"></file><file src="file:/C:/Users/catarina/Desktop/GFDITAbase/canvas.dita" uri="canvas.dita" path="canvas.dita" result="file:/C:/Users/catarina/Desktop/GFDITAbase/canvas.dita" format="dita" has-link="true" target="true"></file><file src="file:/C:/Users/catarina/Desktop/GFDITAbase/available_phone_numbers.dita" uri="available_phone_numbers.dita" path="available_phone_numbers.dita" result="file:/C:/Users/catarina/Desktop/GFDITAbase/available_phone_numbers.dita" format="dita" has-conref="true" target="true"></file><file src="file:/C:/Users/catarina/Desktop/GFDITAbase/Certificate%20Technical%20writting%20How%20to%20Write%20Using%20DITA%20XML.pdf" uri="Certificate%20Technical%20writting%20How%20to%20Write%20Using%20DITA%20XML.pdf" path="Certificate Technical writting How to Write Using DITA XML.pdf" result="file:/C:/Users/catarina/Desktop/GFDITAbase/Certificate%20Technical%20writting%20How%20to%20Write%20Using%20DITA%20XML.pdf" format="pdf"></file><file src="file:/C:/Users/catarina/Desktop/GFDITAbase/candidate_profile.dita" uri="candidate_profile.dita" path="candidate_profile.dita" result="file:/C:/Users/catarina/Desktop/GFDITAbase/candidate_profile.dita" format="dita" target="true"></file><file src="file:/C:/Users/catarina/Desktop/GFDITAbase/professional_experience.dita" uri="professional_experience.dita" path="professional_experience.dita" result="file:/C:/Users/catarina/Desktop/GFDITAbase/professional_experience.dita" format="dita" target="true"></file><file src="file:/C:/Users/catarina/Desktop/GFDITAbase/skills_acquired_in_vestas.dita" uri="skills_acquired_in_vestas.dita" path="skills_acquired_in_vestas.dita" result="file:/C:/Users/catarina/Desktop/GFDITAbase/skills_acquired_in_vestas.dita" format="dita" target="true"></file><file src="file:/C:/Users/catarina/Desktop/GFDITAbase/contact.dita" uri="contact.dita" path="contact.dita" result="file:/C:/Users/catarina/Desktop/GFDITAbase/contact.dita" format="dita" target="true"></file><file src="file:/C:/Users/catarina/Desktop/GFDITAbase/brief_notions_of_curriculum_analysis.dita" uri="brief_notions_of_curriculum_analysis.dita" path="brief_notions_of_curriculum_analysis.dita" result="file:/C:/Users/catarina/Desktop/GFDITAbase/brief_notions_of_curriculum_analysis.dita" format="dita" target="true"></file><file src="file:/C:/Users/catarina/Desktop/GFDITAbase/education.dita" uri="education.dita" path="education.dita" result="file:/C:/Users/catarina/Desktop/GFDITAbase/education.dita" format="dita" target="true"></file><file src="file:/C:/Users/catarina/Desktop/GFDITAbase/language.dita" uri="language.dita" path="language.dita" result="file:/C:/Users/catarina/Desktop/GFDITAbase/language.dita" format="dita" target="true"></file><file src="file:/C:/Users/catarina/Desktop/GFDITAbase/how_to_query.dita" uri="how_to_query.dita" path="how_to_query.dita" result="file:/C:/Users/catarina/Desktop/GFDITAbase/how_to_query.dita" format="dita" target="true"></file></files></job>